model,accuracy,top3_accuracy,mean_confidence,n_images,seconds,images_per_second
keras,0.23963133640552994,0.5004608294930876,0.4765187203884125,1085,40.183214299999236,27.001324281816366
h5,0.24792626728110598,0.4894009216589862,0.46177995204925537,1085,33.23064599999998,32.65058404221214
tflite_float32,0.23963133640552994,0.5004608294930876,0.4765188992023468,1085,65.61002969999754,16.53710575900015
tflite_dynamic,0.2423963133640553,0.4912442396313364,0.4776867926120758,1085,169.28385740000158,6.409353004263417
